str_code,spu_code,cluster_id,recommendation_type,recommended_quantity_change,opportunity_score,adoption_rate
32410,SPU_TOP_009,0,ADD_NEW,30.509222941501147,0.8029761904761904,0.8452380952380952
41177,SPU_TOP_009,0,ADD_NEW,30.509222941501147,0.8029761904761904,0.8452380952380952
51112,SPU_TOP_009,0,ADD_NEW,30.509222941501147,0.8029761904761904,0.8452380952380952
34092,SPU_TOP_009,0,ADD_NEW,30.509222941501147,0.8029761904761904,0.8452380952380952
34252,SPU_TOP_009,0,ADD_NEW,30.509222941501147,0.8029761904761904,0.8452380952380952
36033,SPU_TOP_009,0,ADD_NEW,30.509222941501147,0.8029761904761904,0.8452380952380952
32219,SPU_TOP_009,0,ADD_NEW,30.509222941501147,0.8029761904761904,0.8452380952380952
51247,SPU_TOP_009,0,ADD_NEW,30.509222941501147,0.8029761904761904,0.8452380952380952
32513,SPU_TOP_009,0,ADD_NEW,30.509222941501147,0.8029761904761904,0.8452380952380952
12074,SPU_TOP_009,0,ADD_NEW,30.509222941501147,0.8029761904761904,0.8452380952380952
34258,SPU_TOP_009,0,ADD_NEW,30.509222941501147,0.8029761904761904,0.8452380952380952
37097,SPU_TOP_009,0,ADD_NEW,30.509222941501147,0.8029761904761904,0.8452380952380952
51098,SPU_TOP_009,0,ADD_NEW,30.509222941501147,0.8029761904761904,0.8452380952380952
51190,SPU_TOP_019,0,ADD_NEW,29.202704641539246,0.8928571428571429,0.8928571428571429
51112,SPU_TOP_019,0,ADD_NEW,29.202704641539246,0.8928571428571429,0.8928571428571429
33378,SPU_TOP_019,0,ADD_NEW,29.202704641539246,0.8928571428571429,0.8928571428571429
51222,SPU_TOP_019,0,ADD_NEW,29.202704641539246,0.8928571428571429,0.8928571428571429
51233,SPU_TOP_019,0,ADD_NEW,29.202704641539246,0.8928571428571429,0.8928571428571429
32235,SPU_TOP_019,0,ADD_NEW,29.202704641539246,0.8928571428571429,0.8928571428571429
51256,SPU_TOP_019,0,ADD_NEW,29.202704641539246,0.8928571428571429,0.8928571428571429
34258,SPU_TOP_019,0,ADD_NEW,29.202704641539246,0.8928571428571429,0.8928571428571429
12030,SPU_TOP_019,0,ADD_NEW,29.202704641539246,0.8928571428571429,0.8928571428571429
33301,SPU_TOP_007,1,ADD_NEW,31.712693227605612,0.83,0.8736842105263158
32432,SPU_TOP_007,1,ADD_NEW,31.712693227605612,0.83,0.8736842105263158
32201,SPU_TOP_007,1,ADD_NEW,31.712693227605612,0.83,0.8736842105263158
34120,SPU_TOP_007,1,ADD_NEW,31.712693227605612,0.83,0.8736842105263158
31025,SPU_TOP_007,1,ADD_NEW,31.712693227605612,0.83,0.8736842105263158
33330,SPU_TOP_007,1,ADD_NEW,31.712693227605612,0.83,0.8736842105263158
42069,SPU_TOP_007,1,ADD_NEW,31.712693227605612,0.83,0.8736842105263158
32697,SPU_TOP_007,1,ADD_NEW,31.712693227605612,0.83,0.8736842105263158
34395,SPU_TOP_007,1,ADD_NEW,31.712693227605612,0.83,0.8736842105263158
34095,SPU_TOP_007,1,ADD_NEW,31.712693227605612,0.83,0.8736842105263158
36093,SPU_TOP_007,1,ADD_NEW,31.712693227605612,0.83,0.8736842105263158
33130,SPU_TOP_007,1,ADD_NEW,31.712693227605612,0.83,0.8736842105263158
33587,SPU_TOP_014,1,ADD_NEW,32.93750099150695,0.8421052631578947,0.8421052631578947
33489,SPU_TOP_014,1,ADD_NEW,32.93750099150695,0.8421052631578947,0.8421052631578947
32216,SPU_TOP_014,1,ADD_NEW,32.93750099150695,0.8421052631578947,0.8421052631578947
32492,SPU_TOP_014,1,ADD_NEW,32.93750099150695,0.8421052631578947,0.8421052631578947
33330,SPU_TOP_014,1,ADD_NEW,32.93750099150695,0.8421052631578947,0.8421052631578947
34322,SPU_TOP_014,1,ADD_NEW,32.93750099150695,0.8421052631578947,0.8421052631578947
33725,SPU_TOP_014,1,ADD_NEW,32.93750099150695,0.8421052631578947,0.8421052631578947
34089,SPU_TOP_014,1,ADD_NEW,32.93750099150695,0.8421052631578947,0.8421052631578947
33435,SPU_TOP_014,1,ADD_NEW,32.93750099150695,0.8421052631578947,0.8421052631578947
33297,SPU_TOP_014,1,ADD_NEW,32.93750099150695,0.8421052631578947,0.8421052631578947
32404,SPU_TOP_014,1,ADD_NEW,32.93750099150695,0.8421052631578947,0.8421052631578947
33099,SPU_TOP_014,1,ADD_NEW,32.93750099150695,0.8421052631578947,0.8421052631578947
32392,SPU_TOP_014,1,ADD_NEW,32.93750099150695,0.8421052631578947,0.8421052631578947
32580,SPU_TOP_014,1,ADD_NEW,32.93750099150695,0.8421052631578947,0.8421052631578947
33307,SPU_TOP_014,1,ADD_NEW,32.93750099150695,0.8421052631578947,0.8421052631578947
45162,SPU_TOP_002,2,ADD_NEW,30.985764455998115,0.8211864406779661,0.864406779661017
44282,SPU_TOP_002,2,ADD_NEW,30.985764455998115,0.8211864406779661,0.864406779661017
35105,SPU_TOP_002,2,ADD_NEW,30.985764455998115,0.8211864406779661,0.864406779661017
35031,SPU_TOP_002,2,ADD_NEW,30.985764455998115,0.8211864406779661,0.864406779661017
44379,SPU_TOP_002,2,ADD_NEW,30.985764455998115,0.8211864406779661,0.864406779661017
45012,SPU_TOP_002,2,ADD_NEW,30.985764455998115,0.8211864406779661,0.864406779661017
44432,SPU_TOP_002,2,ADD_NEW,30.985764455998115,0.8211864406779661,0.864406779661017
45100,SPU_TOP_002,2,ADD_NEW,30.985764455998115,0.8211864406779661,0.864406779661017
45057,SPU_TOP_002,2,ADD_NEW,30.985764455998115,0.8211864406779661,0.864406779661017
45129,SPU_TOP_002,2,ADD_NEW,30.985764455998115,0.8211864406779661,0.864406779661017
50048,SPU_TOP_002,2,ADD_NEW,30.985764455998115,0.8211864406779661,0.864406779661017
44290,SPU_TOP_002,2,ADD_NEW,30.985764455998115,0.8211864406779661,0.864406779661017
35108,SPU_TOP_002,2,ADD_NEW,30.985764455998115,0.8211864406779661,0.864406779661017
44185,SPU_TOP_002,2,ADD_NEW,30.985764455998115,0.8211864406779661,0.864406779661017
44281,SPU_TOP_002,2,ADD_NEW,30.985764455998115,0.8211864406779661,0.864406779661017
44242,SPU_TOP_002,2,ADD_NEW,30.985764455998115,0.8211864406779661,0.864406779661017
44085,SPU_TOP_002,2,ADD_NEW,30.985764455998115,0.8211864406779661,0.864406779661017
45003,SPU_TOP_002,2,ADD_NEW,30.985764455998115,0.8211864406779661,0.864406779661017
44427,SPU_TOP_002,2,ADD_NEW,30.985764455998115,0.8211864406779661,0.864406779661017
44404,SPU_TOP_002,2,ADD_NEW,30.985764455998115,0.8211864406779661,0.864406779661017
44153,SPU_TOP_002,2,ADD_NEW,30.985764455998115,0.8211864406779661,0.864406779661017
35087,SPU_TOP_002,2,ADD_NEW,30.985764455998115,0.8211864406779661,0.864406779661017
44331,SPU_TOP_002,2,ADD_NEW,30.985764455998115,0.8211864406779661,0.864406779661017
44142,SPU_TOP_002,2,ADD_NEW,30.985764455998115,0.8211864406779661,0.864406779661017
44338,SPU_TOP_014,2,ADD_NEW,31.910334096265597,0.8531073446327684,0.8531073446327684
37180,SPU_TOP_014,2,ADD_NEW,31.910334096265597,0.8531073446327684,0.8531073446327684
51229,SPU_TOP_014,2,ADD_NEW,31.910334096265597,0.8531073446327684,0.8531073446327684
35119,SPU_TOP_014,2,ADD_NEW,31.910334096265597,0.8531073446327684,0.8531073446327684
37084,SPU_TOP_014,2,ADD_NEW,31.910334096265597,0.8531073446327684,0.8531073446327684
44119,SPU_TOP_014,2,ADD_NEW,31.910334096265597,0.8531073446327684,0.8531073446327684
33672,SPU_TOP_014,2,ADD_NEW,31.910334096265597,0.8531073446327684,0.8531073446327684
44517,SPU_TOP_014,2,ADD_NEW,31.910334096265597,0.8531073446327684,0.8531073446327684
41213,SPU_TOP_014,2,ADD_NEW,31.910334096265597,0.8531073446327684,0.8531073446327684
44083,SPU_TOP_014,2,ADD_NEW,31.910334096265597,0.8531073446327684,0.8531073446327684
44369,SPU_TOP_014,2,ADD_NEW,31.910334096265597,0.8531073446327684,0.8531073446327684
51171,SPU_TOP_014,2,ADD_NEW,31.910334096265597,0.8531073446327684,0.8531073446327684
45151,SPU_TOP_014,2,ADD_NEW,31.910334096265597,0.8531073446327684,0.8531073446327684
44228,SPU_TOP_014,2,ADD_NEW,31.910334096265597,0.8531073446327684,0.8531073446327684
44538,SPU_TOP_014,2,ADD_NEW,31.910334096265597,0.8531073446327684,0.8531073446327684
44438,SPU_TOP_014,2,ADD_NEW,31.910334096265597,0.8531073446327684,0.8531073446327684
45100,SPU_TOP_014,2,ADD_NEW,31.910334096265597,0.8531073446327684,0.8531073446327684
44394,SPU_TOP_014,2,ADD_NEW,31.910334096265597,0.8531073446327684,0.8531073446327684
44185,SPU_TOP_014,2,ADD_NEW,31.910334096265597,0.8531073446327684,0.8531073446327684
44335,SPU_TOP_014,2,ADD_NEW,31.910334096265597,0.8531073446327684,0.8531073446327684
44321,SPU_TOP_014,2,ADD_NEW,31.910334096265597,0.8531073446327684,0.8531073446327684
44186,SPU_TOP_014,2,ADD_NEW,31.910334096265597,0.8531073446327684,0.8531073446327684
45081,SPU_TOP_014,2,ADD_NEW,31.910334096265597,0.8531073446327684,0.8531073446327684
45069,SPU_TOP_014,2,ADD_NEW,31.910334096265597,0.8531073446327684,0.8531073446327684
44492,SPU_TOP_014,2,ADD_NEW,31.910334096265597,0.8531073446327684,0.8531073446327684
45119,SPU_TOP_014,2,ADD_NEW,31.910334096265597,0.8531073446327684,0.8531073446327684
32330,SPU_TOP_004,3,ADD_NEW,30.95386964617014,0.8928571428571429,0.8928571428571429
33427,SPU_TOP_004,3,ADD_NEW,30.95386964617014,0.8928571428571429,0.8928571428571429
32424,SPU_TOP_004,3,ADD_NEW,30.95386964617014,0.8928571428571429,0.8928571428571429
32660,SPU_TOP_004,3,ADD_NEW,30.95386964617014,0.8928571428571429,0.8928571428571429
33534,SPU_TOP_004,3,ADD_NEW,30.95386964617014,0.8928571428571429,0.8928571428571429
32550,SPU_TOP_004,3,ADD_NEW,30.95386964617014,0.8928571428571429,0.8928571428571429
31268,SPU_TOP_004,3,ADD_NEW,30.95386964617014,0.8928571428571429,0.8928571428571429
33681,SPU_TOP_004,3,ADD_NEW,30.95386964617014,0.8928571428571429,0.8928571428571429
33689,SPU_TOP_004,3,ADD_NEW,30.95386964617014,0.8928571428571429,0.8928571428571429
34317,SPU_TOP_004,3,ADD_NEW,30.95386964617014,0.8928571428571429,0.8928571428571429
33007,SPU_TOP_004,3,ADD_NEW,30.95386964617014,0.8928571428571429,0.8928571428571429
32506,SPU_TOP_004,3,ADD_NEW,30.95386964617014,0.8928571428571429,0.8928571428571429
32177,SPU_TOP_016,3,ADD_NEW,29.628762322500762,0.8482142857142857,0.8928571428571429
15025,SPU_TOP_016,3,ADD_NEW,29.628762322500762,0.8482142857142857,0.8928571428571429
33636,SPU_TOP_016,3,ADD_NEW,29.628762322500762,0.8482142857142857,0.8928571428571429
32336,SPU_TOP_016,3,ADD_NEW,29.628762322500762,0.8482142857142857,0.8928571428571429
31250,SPU_TOP_016,3,ADD_NEW,29.628762322500762,0.8482142857142857,0.8928571428571429
32381,SPU_TOP_016,3,ADD_NEW,29.628762322500762,0.8482142857142857,0.8928571428571429
34317,SPU_TOP_016,3,ADD_NEW,29.628762322500762,0.8482142857142857,0.8928571428571429
31264,SPU_TOP_016,3,ADD_NEW,29.628762322500762,0.8482142857142857,0.8928571428571429
32717,SPU_TOP_016,3,ADD_NEW,29.628762322500762,0.8482142857142857,0.8928571428571429
33139,SPU_TOP_016,3,ADD_NEW,29.628762322500762,0.8482142857142857,0.8928571428571429
34198,SPU_TOP_016,3,ADD_NEW,29.628762322500762,0.8482142857142857,0.8928571428571429
42100,SPU_TOP_016,3,ADD_NEW,29.628762322500762,0.8482142857142857,0.8928571428571429
13003,SPU_TOP_001,4,ADD_NEW,31.342860384835618,0.8353448275862069,0.8793103448275862
37208,SPU_TOP_001,4,ADD_NEW,31.342860384835618,0.8353448275862069,0.8793103448275862
34328,SPU_TOP_001,4,ADD_NEW,31.342860384835618,0.8353448275862069,0.8793103448275862
32500,SPU_TOP_001,4,ADD_NEW,31.342860384835618,0.8353448275862069,0.8793103448275862
44081,SPU_TOP_001,4,ADD_NEW,31.342860384835618,0.8353448275862069,0.8793103448275862
13072,SPU_TOP_001,4,ADD_NEW,31.342860384835618,0.8353448275862069,0.8793103448275862
41028,SPU_TOP_001,4,ADD_NEW,31.342860384835618,0.8353448275862069,0.8793103448275862
12076,SPU_TOP_005,4,ADD_NEW,32.45001199043411,0.896551724137931,0.896551724137931
32500,SPU_TOP_005,4,ADD_NEW,32.45001199043411,0.896551724137931,0.896551724137931
32596,SPU_TOP_005,4,ADD_NEW,32.45001199043411,0.896551724137931,0.896551724137931
34130,SPU_TOP_005,4,ADD_NEW,32.45001199043411,0.896551724137931,0.896551724137931
34117,SPU_TOP_005,4,ADD_NEW,32.45001199043411,0.896551724137931,0.896551724137931
36082,SPU_TOP_005,4,ADD_NEW,32.45001199043411,0.896551724137931,0.896551724137931
33172,SPU_TOP_003,5,ADD_NEW,31.03474661770832,0.847682119205298,0.847682119205298
32265,SPU_TOP_003,5,ADD_NEW,31.03474661770832,0.847682119205298,0.847682119205298
42110,SPU_TOP_003,5,ADD_NEW,31.03474661770832,0.847682119205298,0.847682119205298
33655,SPU_TOP_003,5,ADD_NEW,31.03474661770832,0.847682119205298,0.847682119205298
32345,SPU_TOP_003,5,ADD_NEW,31.03474661770832,0.847682119205298,0.847682119205298
32312,SPU_TOP_003,5,ADD_NEW,31.03474661770832,0.847682119205298,0.847682119205298
33592,SPU_TOP_003,5,ADD_NEW,31.03474661770832,0.847682119205298,0.847682119205298
33258,SPU_TOP_003,5,ADD_NEW,31.03474661770832,0.847682119205298,0.847682119205298
31097,SPU_TOP_003,5,ADD_NEW,31.03474661770832,0.847682119205298,0.847682119205298
32343,SPU_TOP_003,5,ADD_NEW,31.03474661770832,0.847682119205298,0.847682119205298
31031,SPU_TOP_003,5,ADD_NEW,31.03474661770832,0.847682119205298,0.847682119205298
32690,SPU_TOP_003,5,ADD_NEW,31.03474661770832,0.847682119205298,0.847682119205298
33507,SPU_TOP_003,5,ADD_NEW,31.03474661770832,0.847682119205298,0.847682119205298
37023,SPU_TOP_003,5,ADD_NEW,31.03474661770832,0.847682119205298,0.847682119205298
31184,SPU_TOP_003,5,ADD_NEW,31.03474661770832,0.847682119205298,0.847682119205298
32205,SPU_TOP_003,5,ADD_NEW,31.03474661770832,0.847682119205298,0.847682119205298
32721,SPU_TOP_003,5,ADD_NEW,31.03474661770832,0.847682119205298,0.847682119205298
34225,SPU_TOP_003,5,ADD_NEW,31.03474661770832,0.847682119205298,0.847682119205298
33733,SPU_TOP_003,5,ADD_NEW,31.03474661770832,0.847682119205298,0.847682119205298
32648,SPU_TOP_003,5,ADD_NEW,31.03474661770832,0.847682119205298,0.847682119205298
32559,SPU_TOP_003,5,ADD_NEW,31.03474661770832,0.847682119205298,0.847682119205298
33647,SPU_TOP_003,5,ADD_NEW,31.03474661770832,0.847682119205298,0.847682119205298
33603,SPU_TOP_003,5,ADD_NEW,31.03474661770832,0.847682119205298,0.847682119205298
33716,SPU_TOP_005,5,ADD_NEW,32.4952163221746,0.7612582781456954,0.8013245033112583
33341,SPU_TOP_005,5,ADD_NEW,32.4952163221746,0.7612582781456954,0.8013245033112583
32611,SPU_TOP_005,5,ADD_NEW,32.4952163221746,0.7612582781456954,0.8013245033112583
31238,SPU_TOP_005,5,ADD_NEW,32.4952163221746,0.7612582781456954,0.8013245033112583
32400,SPU_TOP_005,5,ADD_NEW,32.4952163221746,0.7612582781456954,0.8013245033112583
32345,SPU_TOP_005,5,ADD_NEW,32.4952163221746,0.7612582781456954,0.8013245033112583
33641,SPU_TOP_005,5,ADD_NEW,32.4952163221746,0.7612582781456954,0.8013245033112583
32312,SPU_TOP_005,5,ADD_NEW,32.4952163221746,0.7612582781456954,0.8013245033112583
32307,SPU_TOP_005,5,ADD_NEW,32.4952163221746,0.7612582781456954,0.8013245033112583
31171,SPU_TOP_005,5,ADD_NEW,32.4952163221746,0.7612582781456954,0.8013245033112583
33592,SPU_TOP_005,5,ADD_NEW,32.4952163221746,0.7612582781456954,0.8013245033112583
32690,SPU_TOP_005,5,ADD_NEW,32.4952163221746,0.7612582781456954,0.8013245033112583
31031,SPU_TOP_005,5,ADD_NEW,32.4952163221746,0.7612582781456954,0.8013245033112583
33126,SPU_TOP_005,5,ADD_NEW,32.4952163221746,0.7612582781456954,0.8013245033112583
33623,SPU_TOP_005,5,ADD_NEW,32.4952163221746,0.7612582781456954,0.8013245033112583
32480,SPU_TOP_005,5,ADD_NEW,32.4952163221746,0.7612582781456954,0.8013245033112583
32448,SPU_TOP_005,5,ADD_NEW,32.4952163221746,0.7612582781456954,0.8013245033112583
33536,SPU_TOP_005,5,ADD_NEW,32.4952163221746,0.7612582781456954,0.8013245033112583
33549,SPU_TOP_005,5,ADD_NEW,32.4952163221746,0.7612582781456954,0.8013245033112583
32306,SPU_TOP_005,5,ADD_NEW,32.4952163221746,0.7612582781456954,0.8013245033112583
36135,SPU_TOP_005,5,ADD_NEW,32.4952163221746,0.7612582781456954,0.8013245033112583
15021,SPU_TOP_005,5,ADD_NEW,32.4952163221746,0.7612582781456954,0.8013245033112583
32092,SPU_TOP_005,5,ADD_NEW,32.4952163221746,0.7612582781456954,0.8013245033112583
32603,SPU_TOP_005,5,ADD_NEW,32.4952163221746,0.7612582781456954,0.8013245033112583
32321,SPU_TOP_005,5,ADD_NEW,32.4952163221746,0.7612582781456954,0.8013245033112583
33690,SPU_TOP_005,5,ADD_NEW,32.4952163221746,0.7612582781456954,0.8013245033112583
34003,SPU_TOP_005,5,ADD_NEW,32.4952163221746,0.7612582781456954,0.8013245033112583
32296,SPU_TOP_005,5,ADD_NEW,32.4952163221746,0.7612582781456954,0.8013245033112583
43172,SPU_TOP_005,5,ADD_NEW,32.4952163221746,0.7612582781456954,0.8013245033112583
33490,SPU_TOP_005,5,ADD_NEW,32.4952163221746,0.7612582781456954,0.8013245033112583
51199,SPU_TOP_002,6,ADD_NEW,31.376649399376056,0.8102941176470587,0.8529411764705882
11154,SPU_TOP_002,6,ADD_NEW,31.376649399376056,0.8102941176470587,0.8529411764705882
14023,SPU_TOP_002,6,ADD_NEW,31.376649399376056,0.8102941176470587,0.8529411764705882
43112,SPU_TOP_002,6,ADD_NEW,31.376649399376056,0.8102941176470587,0.8529411764705882
11080,SPU_TOP_002,6,ADD_NEW,31.376649399376056,0.8102941176470587,0.8529411764705882
36003,SPU_TOP_006,6,ADD_NEW,32.43635817617447,0.8529411764705882,0.8529411764705882
33730,SPU_TOP_006,6,ADD_NEW,32.43635817617447,0.8529411764705882,0.8529411764705882
51259,SPU_TOP_006,6,ADD_NEW,32.43635817617447,0.8529411764705882,0.8529411764705882
11154,SPU_TOP_006,6,ADD_NEW,32.43635817617447,0.8529411764705882,0.8529411764705882
43048,SPU_TOP_006,6,ADD_NEW,32.43635817617447,0.8529411764705882,0.8529411764705882
13037,SPU_TOP_001,7,ADD_NEW,31.020809375120187,0.7945454545454544,0.8363636363636363
36028,SPU_TOP_001,7,ADD_NEW,31.020809375120187,0.7945454545454544,0.8363636363636363
33455,SPU_TOP_001,7,ADD_NEW,31.020809375120187,0.7945454545454544,0.8363636363636363
15028,SPU_TOP_001,7,ADD_NEW,31.020809375120187,0.7945454545454544,0.8363636363636363
34305,SPU_TOP_001,7,ADD_NEW,31.020809375120187,0.7945454545454544,0.8363636363636363
53068,SPU_TOP_001,7,ADD_NEW,31.020809375120187,0.7945454545454544,0.8363636363636363
15017,SPU_TOP_001,7,ADD_NEW,31.020809375120187,0.7945454545454544,0.8363636363636363
32286,SPU_TOP_001,7,ADD_NEW,31.020809375120187,0.7945454545454544,0.8363636363636363
13142,SPU_TOP_001,7,ADD_NEW,31.020809375120187,0.7945454545454544,0.8363636363636363
32112,SPU_TOP_002,7,ADD_NEW,29.606249638626327,0.8909090909090909,0.8909090909090909
36098,SPU_TOP_002,7,ADD_NEW,29.606249638626327,0.8909090909090909,0.8909090909090909
51172,SPU_TOP_002,7,ADD_NEW,29.606249638626327,0.8909090909090909,0.8909090909090909
33455,SPU_TOP_002,7,ADD_NEW,29.606249638626327,0.8909090909090909,0.8909090909090909
34184,SPU_TOP_002,7,ADD_NEW,29.606249638626327,0.8909090909090909,0.8909090909090909
15033,SPU_TOP_002,7,ADD_NEW,29.606249638626327,0.8909090909090909,0.8909090909090909
43078,SPU_TOP_007,8,ADD_NEW,30.96563717709713,0.8636363636363636,0.8636363636363636
34367,SPU_TOP_007,8,ADD_NEW,30.96563717709713,0.8636363636363636,0.8636363636363636
32723,SPU_TOP_007,8,ADD_NEW,30.96563717709713,0.8636363636363636,0.8636363636363636
32623,SPU_TOP_007,8,ADD_NEW,30.96563717709713,0.8636363636363636,0.8636363636363636
33742,SPU_TOP_007,8,ADD_NEW,30.96563717709713,0.8636363636363636,0.8636363636363636
42135,SPU_TOP_007,8,ADD_NEW,30.96563717709713,0.8636363636363636,0.8636363636363636
42091,SPU_TOP_007,8,ADD_NEW,30.96563717709713,0.8636363636363636,0.8636363636363636
36110,SPU_TOP_007,8,ADD_NEW,30.96563717709713,0.8636363636363636,0.8636363636363636
42026,SPU_TOP_007,8,ADD_NEW,30.96563717709713,0.8636363636363636,0.8636363636363636
33273,SPU_TOP_010,8,ADD_NEW,29.674083949004583,0.8204545454545454,0.8636363636363636
34354,SPU_TOP_010,8,ADD_NEW,29.674083949004583,0.8204545454545454,0.8636363636363636
34367,SPU_TOP_010,8,ADD_NEW,29.674083949004583,0.8204545454545454,0.8636363636363636
34321,SPU_TOP_010,8,ADD_NEW,29.674083949004583,0.8204545454545454,0.8636363636363636
36038,SPU_TOP_010,8,ADD_NEW,29.674083949004583,0.8204545454545454,0.8636363636363636
33074,SPU_TOP_010,8,ADD_NEW,29.674083949004583,0.8204545454545454,0.8636363636363636
43120,SPU_TOP_010,8,ADD_NEW,29.674083949004583,0.8204545454545454,0.8636363636363636
43175,SPU_TOP_010,8,ADD_NEW,29.674083949004583,0.8204545454545454,0.8636363636363636
32563,SPU_TOP_010,8,ADD_NEW,29.674083949004583,0.8204545454545454,0.8636363636363636
32167,SPU_TOP_016,9,ADD_NEW,30.014771832266934,0.8395348837209302,0.8837209302325582
42127,SPU_TOP_016,9,ADD_NEW,30.014771832266934,0.8395348837209302,0.8837209302325582
53081,SPU_TOP_016,9,ADD_NEW,30.014771832266934,0.8395348837209302,0.8837209302325582
53063,SPU_TOP_016,9,ADD_NEW,30.014771832266934,0.8395348837209302,0.8837209302325582
52089,SPU_TOP_016,9,ADD_NEW,30.014771832266934,0.8395348837209302,0.8837209302325582
32167,SPU_TOP_018,9,ADD_NEW,33.64346809365685,0.813953488372093,0.813953488372093
32680,SPU_TOP_018,9,ADD_NEW,33.64346809365685,0.813953488372093,0.813953488372093
52097,SPU_TOP_018,9,ADD_NEW,33.64346809365685,0.813953488372093,0.813953488372093
53002,SPU_TOP_018,9,ADD_NEW,33.64346809365685,0.813953488372093,0.813953488372093
43034,SPU_TOP_018,9,ADD_NEW,33.64346809365685,0.813953488372093,0.813953488372093
53026,SPU_TOP_018,9,ADD_NEW,33.64346809365685,0.813953488372093,0.813953488372093
52038,SPU_TOP_018,9,ADD_NEW,33.64346809365685,0.813953488372093,0.813953488372093
32644,SPU_TOP_018,9,ADD_NEW,33.64346809365685,0.813953488372093,0.813953488372093
33062,SPU_TOP_008,10,ADD_NEW,30.844295963550213,0.8925619834710744,0.8925619834710744
31027,SPU_TOP_008,10,ADD_NEW,30.844295963550213,0.8925619834710744,0.8925619834710744
33177,SPU_TOP_008,10,ADD_NEW,30.844295963550213,0.8925619834710744,0.8925619834710744
33019,SPU_TOP_008,10,ADD_NEW,30.844295963550213,0.8925619834710744,0.8925619834710744
31262,SPU_TOP_008,10,ADD_NEW,30.844295963550213,0.8925619834710744,0.8925619834710744
34211,SPU_TOP_008,10,ADD_NEW,30.844295963550213,0.8925619834710744,0.8925619834710744
31040,SPU_TOP_008,10,ADD_NEW,30.844295963550213,0.8925619834710744,0.8925619834710744
33123,SPU_TOP_008,10,ADD_NEW,30.844295963550213,0.8925619834710744,0.8925619834710744
33579,SPU_TOP_008,10,ADD_NEW,30.844295963550213,0.8925619834710744,0.8925619834710744
33295,SPU_TOP_008,10,ADD_NEW,30.844295963550213,0.8925619834710744,0.8925619834710744
32301,SPU_TOP_008,10,ADD_NEW,30.844295963550213,0.8925619834710744,0.8925619834710744
34086,SPU_TOP_008,10,ADD_NEW,30.844295963550213,0.8925619834710744,0.8925619834710744
33388,SPU_TOP_008,10,ADD_NEW,30.844295963550213,0.8925619834710744,0.8925619834710744
32237,SPU_TOP_010,10,ADD_NEW,29.836750358707107,0.8479338842975206,0.8925619834710744
31134,SPU_TOP_010,10,ADD_NEW,29.836750358707107,0.8479338842975206,0.8925619834710744
31234,SPU_TOP_010,10,ADD_NEW,29.836750358707107,0.8479338842975206,0.8925619834710744
34194,SPU_TOP_010,10,ADD_NEW,29.836750358707107,0.8479338842975206,0.8925619834710744
32377,SPU_TOP_010,10,ADD_NEW,29.836750358707107,0.8479338842975206,0.8925619834710744
32545,SPU_TOP_010,10,ADD_NEW,29.836750358707107,0.8479338842975206,0.8925619834710744
34166,SPU_TOP_010,10,ADD_NEW,29.836750358707107,0.8479338842975206,0.8925619834710744
34336,SPU_TOP_010,10,ADD_NEW,29.836750358707107,0.8479338842975206,0.8925619834710744
32682,SPU_TOP_010,10,ADD_NEW,29.836750358707107,0.8479338842975206,0.8925619834710744
32267,SPU_TOP_010,10,ADD_NEW,29.836750358707107,0.8479338842975206,0.8925619834710744
34239,SPU_TOP_010,10,ADD_NEW,29.836750358707107,0.8479338842975206,0.8925619834710744
31131,SPU_TOP_010,10,ADD_NEW,29.836750358707107,0.8479338842975206,0.8925619834710744
34181,SPU_TOP_010,10,ADD_NEW,29.836750358707107,0.8479338842975206,0.8925619834710744
37155,SPU_TOP_004,11,ADD_NEW,30.422454942982394,0.8653846153846154,0.8653846153846154
41235,SPU_TOP_004,11,ADD_NEW,30.422454942982394,0.8653846153846154,0.8653846153846154
41195,SPU_TOP_004,11,ADD_NEW,30.422454942982394,0.8653846153846154,0.8653846153846154
32527,SPU_TOP_004,11,ADD_NEW,30.422454942982394,0.8653846153846154,0.8653846153846154
41220,SPU_TOP_004,11,ADD_NEW,30.422454942982394,0.8653846153846154,0.8653846153846154
37070,SPU_TOP_004,11,ADD_NEW,30.422454942982394,0.8653846153846154,0.8653846153846154
41206,SPU_TOP_004,11,ADD_NEW,30.422454942982394,0.8653846153846154,0.8653846153846154
41062,SPU_TOP_018,11,ADD_NEW,31.42964513438967,0.785576923076923,0.8269230769230769
37155,SPU_TOP_018,11,ADD_NEW,31.42964513438967,0.785576923076923,0.8269230769230769
13153,SPU_TOP_018,11,ADD_NEW,31.42964513438967,0.785576923076923,0.8269230769230769
41241,SPU_TOP_018,11,ADD_NEW,31.42964513438967,0.785576923076923,0.8269230769230769
37070,SPU_TOP_018,11,ADD_NEW,31.42964513438967,0.785576923076923,0.8269230769230769
61130,SPU_TOP_018,11,ADD_NEW,31.42964513438967,0.785576923076923,0.8269230769230769
37096,SPU_TOP_018,11,ADD_NEW,31.42964513438967,0.785576923076923,0.8269230769230769
36119,SPU_TOP_018,11,ADD_NEW,31.42964513438967,0.785576923076923,0.8269230769230769
34267,SPU_TOP_018,11,ADD_NEW,31.42964513438967,0.785576923076923,0.8269230769230769
61086,SPU_TOP_006,12,ADD_NEW,31.029359946498783,0.8414285714285713,0.8857142857142857
11104,SPU_TOP_006,12,ADD_NEW,31.029359946498783,0.8414285714285713,0.8857142857142857
13106,SPU_TOP_006,12,ADD_NEW,31.029359946498783,0.8414285714285713,0.8857142857142857
61082,SPU_TOP_006,12,ADD_NEW,31.029359946498783,0.8414285714285713,0.8857142857142857
13095,SPU_TOP_006,12,ADD_NEW,31.029359946498783,0.8414285714285713,0.8857142857142857
11113,SPU_TOP_006,12,ADD_NEW,31.029359946498783,0.8414285714285713,0.8857142857142857
14019,SPU_TOP_006,12,ADD_NEW,31.029359946498783,0.8414285714285713,0.8857142857142857
12039,SPU_TOP_006,12,ADD_NEW,31.029359946498783,0.8414285714285713,0.8857142857142857
37018,SPU_TOP_016,12,ADD_NEW,31.612098635575077,0.8714285714285714,0.8714285714285714
43119,SPU_TOP_016,12,ADD_NEW,31.612098635575077,0.8714285714285714,0.8714285714285714
13095,SPU_TOP_016,12,ADD_NEW,31.612098635575077,0.8714285714285714,0.8714285714285714
37189,SPU_TOP_016,12,ADD_NEW,31.612098635575077,0.8714285714285714,0.8714285714285714
11081,SPU_TOP_016,12,ADD_NEW,31.612098635575077,0.8714285714285714,0.8714285714285714
15026,SPU_TOP_016,12,ADD_NEW,31.612098635575077,0.8714285714285714,0.8714285714285714
11106,SPU_TOP_016,12,ADD_NEW,31.612098635575077,0.8714285714285714,0.8714285714285714
11146,SPU_TOP_016,12,ADD_NEW,31.612098635575077,0.8714285714285714,0.8714285714285714
61072,SPU_TOP_016,12,ADD_NEW,31.612098635575077,0.8714285714285714,0.8714285714285714
33562,SPU_TOP_008,13,ADD_NEW,30.363685925631856,0.829746835443038,0.8734177215189873
34316,SPU_TOP_008,13,ADD_NEW,30.363685925631856,0.829746835443038,0.8734177215189873
42103,SPU_TOP_008,13,ADD_NEW,30.363685925631856,0.829746835443038,0.8734177215189873
33538,SPU_TOP_008,13,ADD_NEW,30.363685925631856,0.829746835443038,0.8734177215189873
34213,SPU_TOP_008,13,ADD_NEW,30.363685925631856,0.829746835443038,0.8734177215189873
42142,SPU_TOP_008,13,ADD_NEW,30.363685925631856,0.829746835443038,0.8734177215189873
34347,SPU_TOP_008,13,ADD_NEW,30.363685925631856,0.829746835443038,0.8734177215189873
12080,SPU_TOP_008,13,ADD_NEW,30.363685925631856,0.829746835443038,0.8734177215189873
35093,SPU_TOP_008,13,ADD_NEW,30.363685925631856,0.829746835443038,0.8734177215189873
33739,SPU_TOP_008,13,ADD_NEW,30.363685925631856,0.829746835443038,0.8734177215189873
32507,SPU_TOP_016,13,ADD_NEW,31.30101389864957,0.8860759493670886,0.8860759493670886
51228,SPU_TOP_016,13,ADD_NEW,31.30101389864957,0.8860759493670886,0.8860759493670886
43183,SPU_TOP_016,13,ADD_NEW,31.30101389864957,0.8860759493670886,0.8860759493670886
34275,SPU_TOP_016,13,ADD_NEW,31.30101389864957,0.8860759493670886,0.8860759493670886
33451,SPU_TOP_016,13,ADD_NEW,31.30101389864957,0.8860759493670886,0.8860759493670886
51144,SPU_TOP_016,13,ADD_NEW,31.30101389864957,0.8860759493670886,0.8860759493670886
43148,SPU_TOP_016,13,ADD_NEW,31.30101389864957,0.8860759493670886,0.8860759493670886
51026,SPU_TOP_016,13,ADD_NEW,31.30101389864957,0.8860759493670886,0.8860759493670886
33718,SPU_TOP_016,13,ADD_NEW,31.30101389864957,0.8860759493670886,0.8860759493670886
44454,SPU_TOP_007,14,ADD_NEW,30.095146046270393,0.8615384615384616,0.8615384615384616
44103,SPU_TOP_007,14,ADD_NEW,30.095146046270393,0.8615384615384616,0.8615384615384616
45136,SPU_TOP_007,14,ADD_NEW,30.095146046270393,0.8615384615384616,0.8615384615384616
35112,SPU_TOP_007,14,ADD_NEW,30.095146046270393,0.8615384615384616,0.8615384615384616
44481,SPU_TOP_007,14,ADD_NEW,30.095146046270393,0.8615384615384616,0.8615384615384616
44218,SPU_TOP_007,14,ADD_NEW,30.095146046270393,0.8615384615384616,0.8615384615384616
44015,SPU_TOP_007,14,ADD_NEW,30.095146046270393,0.8615384615384616,0.8615384615384616
44455,SPU_TOP_007,14,ADD_NEW,30.095146046270393,0.8615384615384616,0.8615384615384616
44358,SPU_TOP_007,14,ADD_NEW,30.095146046270393,0.8615384615384616,0.8615384615384616
44123,SPU_TOP_016,14,ADD_NEW,30.658933890099416,0.7746153846153846,0.8153846153846154
41253,SPU_TOP_016,14,ADD_NEW,30.658933890099416,0.7746153846153846,0.8153846153846154
44027,SPU_TOP_016,14,ADD_NEW,30.658933890099416,0.7746153846153846,0.8153846153846154
45152,SPU_TOP_016,14,ADD_NEW,30.658933890099416,0.7746153846153846,0.8153846153846154
44272,SPU_TOP_016,14,ADD_NEW,30.658933890099416,0.7746153846153846,0.8153846153846154
35112,SPU_TOP_016,14,ADD_NEW,30.658933890099416,0.7746153846153846,0.8153846153846154
44322,SPU_TOP_016,14,ADD_NEW,30.658933890099416,0.7746153846153846,0.8153846153846154
44218,SPU_TOP_016,14,ADD_NEW,30.658933890099416,0.7746153846153846,0.8153846153846154
41142,SPU_TOP_016,14,ADD_NEW,30.658933890099416,0.7746153846153846,0.8153846153846154
44015,SPU_TOP_016,14,ADD_NEW,30.658933890099416,0.7746153846153846,0.8153846153846154
44308,SPU_TOP_016,14,ADD_NEW,30.658933890099416,0.7746153846153846,0.8153846153846154
44455,SPU_TOP_016,14,ADD_NEW,30.658933890099416,0.7746153846153846,0.8153846153846154
61063,SPU_TOP_011,15,ADD_NEW,31.741728695562546,0.7737113402061855,0.8144329896907216
61050,SPU_TOP_011,15,ADD_NEW,31.741728695562546,0.7737113402061855,0.8144329896907216
41249,SPU_TOP_011,15,ADD_NEW,31.741728695562546,0.7737113402061855,0.8144329896907216
13118,SPU_TOP_011,15,ADD_NEW,31.741728695562546,0.7737113402061855,0.8144329896907216
32601,SPU_TOP_011,15,ADD_NEW,31.741728695562546,0.7737113402061855,0.8144329896907216
37010,SPU_TOP_011,15,ADD_NEW,31.741728695562546,0.7737113402061855,0.8144329896907216
13030,SPU_TOP_011,15,ADD_NEW,31.741728695562546,0.7737113402061855,0.8144329896907216
41051,SPU_TOP_011,15,ADD_NEW,31.741728695562546,0.7737113402061855,0.8144329896907216
41038,SPU_TOP_011,15,ADD_NEW,31.741728695562546,0.7737113402061855,0.8144329896907216
36167,SPU_TOP_011,15,ADD_NEW,31.741728695562546,0.7737113402061855,0.8144329896907216
37048,SPU_TOP_011,15,ADD_NEW,31.741728695562546,0.7737113402061855,0.8144329896907216
37137,SPU_TOP_011,15,ADD_NEW,31.741728695562546,0.7737113402061855,0.8144329896907216
41044,SPU_TOP_011,15,ADD_NEW,31.741728695562546,0.7737113402061855,0.8144329896907216
41136,SPU_TOP_011,15,ADD_NEW,31.741728695562546,0.7737113402061855,0.8144329896907216
37039,SPU_TOP_011,15,ADD_NEW,31.741728695562546,0.7737113402061855,0.8144329896907216
36034,SPU_TOP_011,15,ADD_NEW,31.741728695562546,0.7737113402061855,0.8144329896907216
37192,SPU_TOP_011,15,ADD_NEW,31.741728695562546,0.7737113402061855,0.8144329896907216
61119,SPU_TOP_011,15,ADD_NEW,31.741728695562546,0.7737113402061855,0.8144329896907216
32499,SPU_TOP_015,15,ADD_NEW,29.935718102810497,0.8865979381443299,0.8865979381443299
41104,SPU_TOP_015,15,ADD_NEW,29.935718102810497,0.8865979381443299,0.8865979381443299
41151,SPU_TOP_015,15,ADD_NEW,29.935718102810497,0.8865979381443299,0.8865979381443299
37141,SPU_TOP_015,15,ADD_NEW,29.935718102810497,0.8865979381443299,0.8865979381443299
37118,SPU_TOP_015,15,ADD_NEW,29.935718102810497,0.8865979381443299,0.8865979381443299
41051,SPU_TOP_015,15,ADD_NEW,29.935718102810497,0.8865979381443299,0.8865979381443299
41029,SPU_TOP_015,15,ADD_NEW,29.935718102810497,0.8865979381443299,0.8865979381443299
37185,SPU_TOP_015,15,ADD_NEW,29.935718102810497,0.8865979381443299,0.8865979381443299
61116,SPU_TOP_015,15,ADD_NEW,29.935718102810497,0.8865979381443299,0.8865979381443299
13110,SPU_TOP_015,15,ADD_NEW,29.935718102810497,0.8865979381443299,0.8865979381443299
51105,SPU_TOP_015,15,ADD_NEW,29.935718102810497,0.8865979381443299,0.8865979381443299
36077,SPU_TOP_002,16,ADD_NEW,30.768780563479055,0.8403846153846153,0.8846153846153846
43186,SPU_TOP_002,16,ADD_NEW,30.768780563479055,0.8403846153846153,0.8846153846153846
32716,SPU_TOP_002,16,ADD_NEW,30.768780563479055,0.8403846153846153,0.8846153846153846
33683,SPU_TOP_002,16,ADD_NEW,30.768780563479055,0.8403846153846153,0.8846153846153846
33103,SPU_TOP_002,16,ADD_NEW,30.768780563479055,0.8403846153846153,0.8846153846153846
34335,SPU_TOP_002,16,ADD_NEW,30.768780563479055,0.8403846153846153,0.8846153846153846
32366,SPU_TOP_002,16,ADD_NEW,30.768780563479055,0.8403846153846153,0.8846153846153846
42046,SPU_TOP_002,16,ADD_NEW,30.768780563479055,0.8403846153846153,0.8846153846153846
50068,SPU_TOP_002,16,ADD_NEW,30.768780563479055,0.8403846153846153,0.8846153846153846
42072,SPU_TOP_012,16,ADD_NEW,32.18813824814464,0.8846153846153846,0.8846153846153846
32486,SPU_TOP_012,16,ADD_NEW,32.18813824814464,0.8846153846153846,0.8846153846153846
43098,SPU_TOP_012,16,ADD_NEW,32.18813824814464,0.8846153846153846,0.8846153846153846
34342,SPU_TOP_012,16,ADD_NEW,32.18813824814464,0.8846153846153846,0.8846153846153846
50068,SPU_TOP_012,16,ADD_NEW,32.18813824814464,0.8846153846153846,0.8846153846153846
43042,SPU_TOP_012,16,ADD_NEW,32.18813824814464,0.8846153846153846,0.8846153846153846
34058,SPU_TOP_012,16,ADD_NEW,32.18813824814464,0.8846153846153846,0.8846153846153846
42164,SPU_TOP_012,16,ADD_NEW,32.18813824814464,0.8846153846153846,0.8846153846153846
32241,SPU_TOP_012,16,ADD_NEW,32.18813824814464,0.8846153846153846,0.8846153846153846
34223,SPU_TOP_006,17,ADD_NEW,30.761832553709663,0.881578947368421,0.881578947368421
32536,SPU_TOP_006,17,ADD_NEW,30.761832553709663,0.881578947368421,0.881578947368421
33195,SPU_TOP_006,17,ADD_NEW,30.761832553709663,0.881578947368421,0.881578947368421
33608,SPU_TOP_006,17,ADD_NEW,30.761832553709663,0.881578947368421,0.881578947368421
34179,SPU_TOP_006,17,ADD_NEW,30.761832553709663,0.881578947368421,0.881578947368421
31120,SPU_TOP_006,17,ADD_NEW,30.761832553709663,0.881578947368421,0.881578947368421
31163,SPU_TOP_006,17,ADD_NEW,30.761832553709663,0.881578947368421,0.881578947368421
34272,SPU_TOP_006,17,ADD_NEW,30.761832553709663,0.881578947368421,0.881578947368421
32719,SPU_TOP_006,17,ADD_NEW,30.761832553709663,0.881578947368421,0.881578947368421
31237,SPU_TOP_006,17,ADD_NEW,30.761832553709663,0.881578947368421,0.881578947368421
32339,SPU_TOP_006,17,ADD_NEW,30.761832553709663,0.881578947368421,0.881578947368421
33284,SPU_TOP_006,17,ADD_NEW,30.761832553709663,0.881578947368421,0.881578947368421
32327,SPU_TOP_006,17,ADD_NEW,30.761832553709663,0.881578947368421,0.881578947368421
31274,SPU_TOP_006,17,ADD_NEW,30.761832553709663,0.881578947368421,0.881578947368421
33625,SPU_TOP_006,17,ADD_NEW,30.761832553709663,0.881578947368421,0.881578947368421
31193,SPU_TOP_006,17,ADD_NEW,30.761832553709663,0.881578947368421,0.881578947368421
32394,SPU_TOP_006,17,ADD_NEW,30.761832553709663,0.881578947368421,0.881578947368421
32606,SPU_TOP_006,17,ADD_NEW,30.761832553709663,0.881578947368421,0.881578947368421
33497,SPU_TOP_019,17,ADD_NEW,30.222858301978576,0.825,0.868421052631579
31056,SPU_TOP_019,17,ADD_NEW,30.222858301978576,0.825,0.868421052631579
33710,SPU_TOP_019,17,ADD_NEW,30.222858301978576,0.825,0.868421052631579
33687,SPU_TOP_019,17,ADD_NEW,30.222858301978576,0.825,0.868421052631579
33075,SPU_TOP_019,17,ADD_NEW,30.222858301978576,0.825,0.868421052631579
34223,SPU_TOP_019,17,ADD_NEW,30.222858301978576,0.825,0.868421052631579
34128,SPU_TOP_019,17,ADD_NEW,30.222858301978576,0.825,0.868421052631579
32024,SPU_TOP_019,17,ADD_NEW,30.222858301978576,0.825,0.868421052631579
31240,SPU_TOP_019,17,ADD_NEW,30.222858301978576,0.825,0.868421052631579
33661,SPU_TOP_019,17,ADD_NEW,30.222858301978576,0.825,0.868421052631579
32606,SPU_TOP_019,17,ADD_NEW,30.222858301978576,0.825,0.868421052631579
33712,SPU_TOP_019,17,ADD_NEW,30.222858301978576,0.825,0.868421052631579
31154,SPU_TOP_019,17,ADD_NEW,30.222858301978576,0.825,0.868421052631579
33238,SPU_TOP_019,17,ADD_NEW,30.222858301978576,0.825,0.868421052631579
34320,SPU_TOP_019,17,ADD_NEW,30.222858301978576,0.825,0.868421052631579
33585,SPU_TOP_019,17,ADD_NEW,30.222858301978576,0.825,0.868421052631579
42158,SPU_TOP_019,17,ADD_NEW,30.222858301978576,0.825,0.868421052631579
32288,SPU_TOP_019,17,ADD_NEW,30.222858301978576,0.825,0.868421052631579
32750,SPU_TOP_019,17,ADD_NEW,30.222858301978576,0.825,0.868421052631579
33723,SPU_TOP_019,17,ADD_NEW,30.222858301978576,0.825,0.868421052631579
51203,SPU_TOP_011,18,ADD_NEW,33.62952452484456,0.7048387096774194,0.7419354838709677
53051,SPU_TOP_011,18,ADD_NEW,33.62952452484456,0.7048387096774194,0.7419354838709677
52069,SPU_TOP_011,18,ADD_NEW,33.62952452484456,0.7048387096774194,0.7419354838709677
52062,SPU_TOP_011,18,ADD_NEW,33.62952452484456,0.7048387096774194,0.7419354838709677
53028,SPU_TOP_011,18,ADD_NEW,33.62952452484456,0.7048387096774194,0.7419354838709677
53062,SPU_TOP_011,18,ADD_NEW,33.62952452484456,0.7048387096774194,0.7419354838709677
53050,SPU_TOP_011,18,ADD_NEW,33.62952452484456,0.7048387096774194,0.7419354838709677
53034,SPU_TOP_011,18,ADD_NEW,33.62952452484456,0.7048387096774194,0.7419354838709677
53105,SPU_TOP_013,18,ADD_NEW,29.179491009616843,0.8709677419354839,0.8709677419354839
53039,SPU_TOP_013,18,ADD_NEW,29.179491009616843,0.8709677419354839,0.8709677419354839
53088,SPU_TOP_013,18,ADD_NEW,29.179491009616843,0.8709677419354839,0.8709677419354839
52077,SPU_TOP_013,18,ADD_NEW,29.179491009616843,0.8709677419354839,0.8709677419354839
44485,SPU_TOP_009,19,ADD_NEW,31.987735865670054,0.8518518518518519,0.8518518518518519
41035,SPU_TOP_009,19,ADD_NEW,31.987735865670054,0.8518518518518519,0.8518518518518519
45120,SPU_TOP_009,19,ADD_NEW,31.987735865670054,0.8518518518518519,0.8518518518518519
44469,SPU_TOP_009,19,ADD_NEW,31.987735865670054,0.8518518518518519,0.8518518518518519
51143,SPU_TOP_009,19,ADD_NEW,31.987735865670054,0.8518518518518519,0.8518518518518519
44385,SPU_TOP_009,19,ADD_NEW,31.987735865670054,0.8518518518518519,0.8518518518518519
37044,SPU_TOP_009,19,ADD_NEW,31.987735865670054,0.8518518518518519,0.8518518518518519
37210,SPU_TOP_009,19,ADD_NEW,31.987735865670054,0.8518518518518519,0.8518518518518519
44467,SPU_TOP_009,19,ADD_NEW,31.987735865670054,0.8518518518518519,0.8518518518518519
50007,SPU_TOP_009,19,ADD_NEW,31.987735865670054,0.8518518518518519,0.8518518518518519
51234,SPU_TOP_009,19,ADD_NEW,31.987735865670054,0.8518518518518519,0.8518518518518519
51227,SPU_TOP_009,19,ADD_NEW,31.987735865670054,0.8518518518518519,0.8518518518518519
36042,SPU_TOP_017,19,ADD_NEW,29.979659765373,0.8092592592592592,0.8518518518518519
37139,SPU_TOP_017,19,ADD_NEW,29.979659765373,0.8092592592592592,0.8518518518518519
51143,SPU_TOP_017,19,ADD_NEW,29.979659765373,0.8092592592592592,0.8518518518518519
44355,SPU_TOP_017,19,ADD_NEW,29.979659765373,0.8092592592592592,0.8518518518518519
45140,SPU_TOP_017,19,ADD_NEW,29.979659765373,0.8092592592592592,0.8518518518518519
44101,SPU_TOP_017,19,ADD_NEW,29.979659765373,0.8092592592592592,0.8518518518518519
44351,SPU_TOP_017,19,ADD_NEW,29.979659765373,0.8092592592592592,0.8518518518518519
45091,SPU_TOP_017,19,ADD_NEW,29.979659765373,0.8092592592592592,0.8518518518518519
41248,SPU_TOP_017,19,ADD_NEW,29.979659765373,0.8092592592592592,0.8518518518518519
44397,SPU_TOP_017,19,ADD_NEW,29.979659765373,0.8092592592592592,0.8518518518518519
51234,SPU_TOP_017,19,ADD_NEW,29.979659765373,0.8092592592592592,0.8518518518518519
37062,SPU_TOP_017,19,ADD_NEW,29.979659765373,0.8092592592592592,0.8518518518518519
51258,SPU_TOP_005,20,ADD_NEW,33.72320937675525,0.8292682926829268,0.8292682926829268
33397,SPU_TOP_005,20,ADD_NEW,33.72320937675525,0.8292682926829268,0.8292682926829268
36159,SPU_TOP_005,20,ADD_NEW,33.72320937675525,0.8292682926829268,0.8292682926829268
42095,SPU_TOP_005,20,ADD_NEW,33.72320937675525,0.8292682926829268,0.8292682926829268
51179,SPU_TOP_005,20,ADD_NEW,33.72320937675525,0.8292682926829268,0.8292682926829268
43026,SPU_TOP_005,20,ADD_NEW,33.72320937675525,0.8292682926829268,0.8292682926829268
36165,SPU_TOP_005,20,ADD_NEW,33.72320937675525,0.8292682926829268,0.8292682926829268
42010,SPU_TOP_009,20,ADD_NEW,33.703823478308166,0.7878048780487804,0.8292682926829268
43008,SPU_TOP_009,20,ADD_NEW,33.703823478308166,0.7878048780487804,0.8292682926829268
51159,SPU_TOP_009,20,ADD_NEW,33.703823478308166,0.7878048780487804,0.8292682926829268
36021,SPU_TOP_009,20,ADD_NEW,33.703823478308166,0.7878048780487804,0.8292682926829268
51039,SPU_TOP_009,20,ADD_NEW,33.703823478308166,0.7878048780487804,0.8292682926829268
33741,SPU_TOP_009,20,ADD_NEW,33.703823478308166,0.7878048780487804,0.8292682926829268
35078,SPU_TOP_009,20,ADD_NEW,33.703823478308166,0.7878048780487804,0.8292682926829268
51147,SPU_TOP_005,21,ADD_NEW,31.419115627619867,0.8102941176470587,0.8529411764705882
33200,SPU_TOP_005,21,ADD_NEW,31.419115627619867,0.8102941176470587,0.8529411764705882
43129,SPU_TOP_005,21,ADD_NEW,31.419115627619867,0.8102941176470587,0.8529411764705882
43064,SPU_TOP_005,21,ADD_NEW,31.419115627619867,0.8102941176470587,0.8529411764705882
21039,SPU_TOP_005,21,ADD_NEW,31.419115627619867,0.8102941176470587,0.8529411764705882
42122,SPU_TOP_006,21,ADD_NEW,33.50861110645795,0.8235294117647058,0.8235294117647058
37058,SPU_TOP_006,21,ADD_NEW,33.50861110645795,0.8235294117647058,0.8235294117647058
15013,SPU_TOP_006,21,ADD_NEW,33.50861110645795,0.8235294117647058,0.8235294117647058
43091,SPU_TOP_006,21,ADD_NEW,33.50861110645795,0.8235294117647058,0.8235294117647058
37089,SPU_TOP_006,21,ADD_NEW,33.50861110645795,0.8235294117647058,0.8235294117647058
34341,SPU_TOP_006,21,ADD_NEW,33.50861110645795,0.8235294117647058,0.8235294117647058
21085,SPU_TOP_008,22,ADD_NEW,30.954583334930565,0.8274193548387097,0.8709677419354839
43100,SPU_TOP_008,22,ADD_NEW,30.954583334930565,0.8274193548387097,0.8709677419354839
42024,SPU_TOP_008,22,ADD_NEW,30.954583334930565,0.8274193548387097,0.8709677419354839
51175,SPU_TOP_008,22,ADD_NEW,30.954583334930565,0.8274193548387097,0.8709677419354839
43100,SPU_TOP_019,22,ADD_NEW,32.497109706308784,0.8709677419354839,0.8709677419354839
21078,SPU_TOP_019,22,ADD_NEW,32.497109706308784,0.8709677419354839,0.8709677419354839
15018,SPU_TOP_019,22,ADD_NEW,32.497109706308784,0.8709677419354839,0.8709677419354839
61122,SPU_TOP_019,22,ADD_NEW,32.497109706308784,0.8709677419354839,0.8709677419354839
11137,SPU_TOP_000,23,ADD_NEW,32.5715864855858,0.7853333333333333,0.8266666666666667
33241,SPU_TOP_000,23,ADD_NEW,32.5715864855858,0.7853333333333333,0.8266666666666667
33209,SPU_TOP_000,23,ADD_NEW,32.5715864855858,0.7853333333333333,0.8266666666666667
36097,SPU_TOP_000,23,ADD_NEW,32.5715864855858,0.7853333333333333,0.8266666666666667
33383,SPU_TOP_000,23,ADD_NEW,32.5715864855858,0.7853333333333333,0.8266666666666667
51103,SPU_TOP_000,23,ADD_NEW,32.5715864855858,0.7853333333333333,0.8266666666666667
36070,SPU_TOP_000,23,ADD_NEW,32.5715864855858,0.7853333333333333,0.8266666666666667
33364,SPU_TOP_000,23,ADD_NEW,32.5715864855858,0.7853333333333333,0.8266666666666667
35059,SPU_TOP_000,23,ADD_NEW,32.5715864855858,0.7853333333333333,0.8266666666666667
51058,SPU_TOP_000,23,ADD_NEW,32.5715864855858,0.7853333333333333,0.8266666666666667
36144,SPU_TOP_000,23,ADD_NEW,32.5715864855858,0.7853333333333333,0.8266666666666667
33088,SPU_TOP_000,23,ADD_NEW,32.5715864855858,0.7853333333333333,0.8266666666666667
36030,SPU_TOP_000,23,ADD_NEW,32.5715864855858,0.7853333333333333,0.8266666666666667
35095,SPU_TOP_015,23,ADD_NEW,32.80436518085827,0.8666666666666667,0.8666666666666667
43181,SPU_TOP_015,23,ADD_NEW,32.80436518085827,0.8666666666666667,0.8666666666666667
36070,SPU_TOP_015,23,ADD_NEW,32.80436518085827,0.8666666666666667,0.8666666666666667
42037,SPU_TOP_015,23,ADD_NEW,32.80436518085827,0.8666666666666667,0.8666666666666667
33364,SPU_TOP_015,23,ADD_NEW,32.80436518085827,0.8666666666666667,0.8666666666666667
51058,SPU_TOP_015,23,ADD_NEW,32.80436518085827,0.8666666666666667,0.8666666666666667
43046,SPU_TOP_015,23,ADD_NEW,32.80436518085827,0.8666666666666667,0.8666666666666667
43057,SPU_TOP_015,23,ADD_NEW,32.80436518085827,0.8666666666666667,0.8666666666666667
43069,SPU_TOP_015,23,ADD_NEW,32.80436518085827,0.8666666666666667,0.8666666666666667
50065,SPU_TOP_015,23,ADD_NEW,32.80436518085827,0.8666666666666667,0.8666666666666667
11070,SPU_TOP_003,24,ADD_NEW,37.41978781785325,0.8076923076923077,0.8076923076923077
41254,SPU_TOP_003,24,ADD_NEW,37.41978781785325,0.8076923076923077,0.8076923076923077
41247,SPU_TOP_003,24,ADD_NEW,37.41978781785325,0.8076923076923077,0.8076923076923077
61140,SPU_TOP_003,24,ADD_NEW,37.41978781785325,0.8076923076923077,0.8076923076923077
41153,SPU_TOP_003,24,ADD_NEW,37.41978781785325,0.8076923076923077,0.8076923076923077
12009,SPU_TOP_006,24,ADD_NEW,32.95469051119136,0.8038461538461538,0.8461538461538461
35114,SPU_TOP_006,24,ADD_NEW,32.95469051119136,0.8038461538461538,0.8461538461538461
11162,SPU_TOP_006,24,ADD_NEW,32.95469051119136,0.8038461538461538,0.8461538461538461
41153,SPU_TOP_006,24,ADD_NEW,32.95469051119136,0.8038461538461538,0.8461538461538461
36052,SPU_TOP_005,25,ADD_NEW,30.08443043573816,0.8444444444444443,0.8888888888888888
41232,SPU_TOP_005,25,ADD_NEW,30.08443043573816,0.8444444444444443,0.8888888888888888
37213,SPU_TOP_005,25,ADD_NEW,30.08443043573816,0.8444444444444443,0.8888888888888888
13102,SPU_TOP_005,25,ADD_NEW,30.08443043573816,0.8444444444444443,0.8888888888888888
41170,SPU_TOP_005,25,ADD_NEW,30.08443043573816,0.8444444444444443,0.8888888888888888
44514,SPU_TOP_008,25,ADD_NEW,31.31632031661791,0.8666666666666667,0.8666666666666667
41045,SPU_TOP_008,25,ADD_NEW,31.31632031661791,0.8666666666666667,0.8666666666666667
45056,SPU_TOP_008,25,ADD_NEW,31.31632031661791,0.8666666666666667,0.8666666666666667
13155,SPU_TOP_008,25,ADD_NEW,31.31632031661791,0.8666666666666667,0.8666666666666667
12038,SPU_TOP_008,25,ADD_NEW,31.31632031661791,0.8666666666666667,0.8666666666666667
37142,SPU_TOP_008,25,ADD_NEW,31.31632031661791,0.8666666666666667,0.8666666666666667
21084,SPU_TOP_007,26,ADD_NEW,33.039341014323256,0.8038461538461538,0.8461538461538461
21022,SPU_TOP_007,26,ADD_NEW,33.039341014323256,0.8038461538461538,0.8461538461538461
21077,SPU_TOP_007,26,ADD_NEW,33.039341014323256,0.8038461538461538,0.8461538461538461
32579,SPU_TOP_007,26,ADD_NEW,33.039341014323256,0.8038461538461538,0.8461538461538461
21090,SPU_TOP_007,26,ADD_NEW,33.039341014323256,0.8038461538461538,0.8461538461538461
52112,SPU_TOP_007,26,ADD_NEW,33.039341014323256,0.8038461538461538,0.8461538461538461
22003,SPU_TOP_009,26,ADD_NEW,33.3978238094835,0.8461538461538461,0.8461538461538461
15023,SPU_TOP_009,26,ADD_NEW,33.3978238094835,0.8461538461538461,0.8461538461538461
37075,SPU_TOP_009,26,ADD_NEW,33.3978238094835,0.8461538461538461,0.8461538461538461
52025,SPU_TOP_009,26,ADD_NEW,33.3978238094835,0.8461538461538461,0.8461538461538461
52060,SPU_TOP_009,26,ADD_NEW,33.3978238094835,0.8461538461538461,0.8461538461538461
53103,SPU_TOP_009,26,ADD_NEW,33.3978238094835,0.8461538461538461,0.8461538461538461
32250,SPU_TOP_001,27,ADD_NEW,30.69884408943406,0.8842105263157894,0.8842105263157894
34312,SPU_TOP_001,27,ADD_NEW,30.69884408943406,0.8842105263157894,0.8842105263157894
32763,SPU_TOP_001,27,ADD_NEW,30.69884408943406,0.8842105263157894,0.8842105263157894
32714,SPU_TOP_001,27,ADD_NEW,30.69884408943406,0.8842105263157894,0.8842105263157894
31228,SPU_TOP_001,27,ADD_NEW,30.69884408943406,0.8842105263157894,0.8842105263157894
32270,SPU_TOP_001,27,ADD_NEW,30.69884408943406,0.8842105263157894,0.8842105263157894
31035,SPU_TOP_001,27,ADD_NEW,30.69884408943406,0.8842105263157894,0.8842105263157894
32104,SPU_TOP_001,27,ADD_NEW,30.69884408943406,0.8842105263157894,0.8842105263157894
33271,SPU_TOP_001,27,ADD_NEW,30.69884408943406,0.8842105263157894,0.8842105263157894
31029,SPU_TOP_001,27,ADD_NEW,30.69884408943406,0.8842105263157894,0.8842105263157894
33365,SPU_TOP_001,27,ADD_NEW,30.69884408943406,0.8842105263157894,0.8842105263157894
33496,SPU_TOP_005,27,ADD_NEW,31.540323340618663,0.8099999999999999,0.8526315789473684
33595,SPU_TOP_005,27,ADD_NEW,31.540323340618663,0.8099999999999999,0.8526315789473684
31235,SPU_TOP_005,27,ADD_NEW,31.540323340618663,0.8099999999999999,0.8526315789473684
32482,SPU_TOP_005,27,ADD_NEW,31.540323340618663,0.8099999999999999,0.8526315789473684
32714,SPU_TOP_005,27,ADD_NEW,31.540323340618663,0.8099999999999999,0.8526315789473684
32491,SPU_TOP_005,27,ADD_NEW,31.540323340618663,0.8099999999999999,0.8526315789473684
34326,SPU_TOP_005,27,ADD_NEW,31.540323340618663,0.8099999999999999,0.8526315789473684
33298,SPU_TOP_005,27,ADD_NEW,31.540323340618663,0.8099999999999999,0.8526315789473684
32229,SPU_TOP_005,27,ADD_NEW,31.540323340618663,0.8099999999999999,0.8526315789473684
32646,SPU_TOP_005,27,ADD_NEW,31.540323340618663,0.8099999999999999,0.8526315789473684
31029,SPU_TOP_005,27,ADD_NEW,31.540323340618663,0.8099999999999999,0.8526315789473684
31024,SPU_TOP_005,27,ADD_NEW,31.540323340618663,0.8099999999999999,0.8526315789473684
33211,SPU_TOP_005,27,ADD_NEW,31.540323340618663,0.8099999999999999,0.8526315789473684
33288,SPU_TOP_005,27,ADD_NEW,31.540323340618663,0.8099999999999999,0.8526315789473684
44177,SPU_TOP_007,28,ADD_NEW,33.87893904778173,0.7735714285714286,0.8142857142857143
44473,SPU_TOP_007,28,ADD_NEW,33.87893904778173,0.7735714285714286,0.8142857142857143
51087,SPU_TOP_007,28,ADD_NEW,33.87893904778173,0.7735714285714286,0.8142857142857143
44519,SPU_TOP_007,28,ADD_NEW,33.87893904778173,0.7735714285714286,0.8142857142857143
44100,SPU_TOP_007,28,ADD_NEW,33.87893904778173,0.7735714285714286,0.8142857142857143
35016,SPU_TOP_007,28,ADD_NEW,33.87893904778173,0.7735714285714286,0.8142857142857143
44443,SPU_TOP_007,28,ADD_NEW,33.87893904778173,0.7735714285714286,0.8142857142857143
45020,SPU_TOP_007,28,ADD_NEW,33.87893904778173,0.7735714285714286,0.8142857142857143
44400,SPU_TOP_007,28,ADD_NEW,33.87893904778173,0.7735714285714286,0.8142857142857143
35026,SPU_TOP_007,28,ADD_NEW,33.87893904778173,0.7735714285714286,0.8142857142857143
44163,SPU_TOP_007,28,ADD_NEW,33.87893904778173,0.7735714285714286,0.8142857142857143
45048,SPU_TOP_007,28,ADD_NEW,33.87893904778173,0.7735714285714286,0.8142857142857143
45031,SPU_TOP_007,28,ADD_NEW,33.87893904778173,0.7735714285714286,0.8142857142857143
44473,SPU_TOP_012,28,ADD_NEW,31.212437843092292,0.8857142857142857,0.8857142857142857
44213,SPU_TOP_012,28,ADD_NEW,31.212437843092292,0.8857142857142857,0.8857142857142857
44453,SPU_TOP_012,28,ADD_NEW,31.212437843092292,0.8857142857142857,0.8857142857142857
44442,SPU_TOP_012,28,ADD_NEW,31.212437843092292,0.8857142857142857,0.8857142857142857
44400,SPU_TOP_012,28,ADD_NEW,31.212437843092292,0.8857142857142857,0.8857142857142857
45080,SPU_TOP_012,28,ADD_NEW,31.212437843092292,0.8857142857142857,0.8857142857142857
45031,SPU_TOP_012,28,ADD_NEW,31.212437843092292,0.8857142857142857,0.8857142857142857
44111,SPU_TOP_012,28,ADD_NEW,31.212437843092292,0.8857142857142857,0.8857142857142857
43039,SPU_TOP_013,29,ADD_NEW,31.312317270186448,0.8571428571428571,0.8571428571428571
51020,SPU_TOP_013,29,ADD_NEW,31.312317270186448,0.8571428571428571,0.8571428571428571
51060,SPU_TOP_013,29,ADD_NEW,31.312317270186448,0.8571428571428571,0.8571428571428571
50061,SPU_TOP_013,29,ADD_NEW,31.312317270186448,0.8571428571428571,0.8571428571428571
11130,SPU_TOP_013,29,ADD_NEW,31.312317270186448,0.8571428571428571,0.8571428571428571
42080,SPU_TOP_013,29,ADD_NEW,31.312317270186448,0.8571428571428571,0.8571428571428571
51192,SPU_TOP_013,29,ADD_NEW,31.312317270186448,0.8571428571428571,0.8571428571428571
51106,SPU_TOP_013,29,ADD_NEW,31.312317270186448,0.8571428571428571,0.8571428571428571
51066,SPU_TOP_013,29,ADD_NEW,31.312317270186448,0.8571428571428571,0.8571428571428571
51056,SPU_TOP_013,29,ADD_NEW,31.312317270186448,0.8571428571428571,0.8571428571428571
32213,SPU_TOP_013,29,ADD_NEW,31.312317270186448,0.8571428571428571,0.8571428571428571
51249,SPU_TOP_013,29,ADD_NEW,31.312317270186448,0.8571428571428571,0.8571428571428571
32210,SPU_TOP_013,29,ADD_NEW,31.312317270186448,0.8571428571428571,0.8571428571428571
42087,SPU_TOP_014,29,ADD_NEW,31.350296196554932,0.8038461538461538,0.8461538461538461
36012,SPU_TOP_014,29,ADD_NEW,31.350296196554932,0.8038461538461538,0.8461538461538461
42114,SPU_TOP_014,29,ADD_NEW,31.350296196554932,0.8038461538461538,0.8461538461538461
51230,SPU_TOP_014,29,ADD_NEW,31.350296196554932,0.8038461538461538,0.8461538461538461
43020,SPU_TOP_014,29,ADD_NEW,31.350296196554932,0.8038461538461538,0.8461538461538461
51041,SPU_TOP_014,29,ADD_NEW,31.350296196554932,0.8038461538461538,0.8461538461538461
34343,SPU_TOP_014,29,ADD_NEW,31.350296196554932,0.8038461538461538,0.8461538461538461
11130,SPU_TOP_014,29,ADD_NEW,31.350296196554932,0.8038461538461538,0.8461538461538461
12028,SPU_TOP_014,29,ADD_NEW,31.350296196554932,0.8038461538461538,0.8461538461538461
33247,SPU_TOP_014,29,ADD_NEW,31.350296196554932,0.8038461538461538,0.8461538461538461
11048,SPU_TOP_014,29,ADD_NEW,31.350296196554932,0.8038461538461538,0.8461538461538461
51106,SPU_TOP_014,29,ADD_NEW,31.350296196554932,0.8038461538461538,0.8461538461538461
33482,SPU_TOP_014,29,ADD_NEW,31.350296196554932,0.8038461538461538,0.8461538461538461
51118,SPU_TOP_014,29,ADD_NEW,31.350296196554932,0.8038461538461538,0.8461538461538461
